product_id	store_id	product_name	units	transaction_id	price	timestamp
0	1	coffee large	3	1	1	2021-12-01 17:48:41.569057
0	2	coffee large	1	3	1	2021-12-01 21:42:11.569057
3	1	doughnut cold	1	4	1	2021-12-01 23:10:41.569057
0	1	coffee large	1	5	1	2021-12-01 23:41:46.569057
4	2	snickers 37g	1	7	3.1	2021-12-02 02:14:41.569057
0	1	coffee large	1	8	1	2021-12-02 06:39:32.569057
3	0	doughnut cold	1	9	1	2021-12-02 14:38:08.569057
1	0	milk 2L	1	11	2.3	2021-12-02 15:28:12.569057
2	1	bread 700g	1	12	5.1	2021-12-02 19:05:12.569057
0	3	coffee_large	1	13	1	2021-12-02 21:29:50.569057
4	0	snickers 37g	1	14	3.1	2021-12-02 22:11:34.569057
4	1	snickers 37g	1	15	3.1	2021-12-02 23:05:52.569057
0	2	coffee large	1	16	1	2021-12-03 01:43:59.569057
1	2	milk 2L	1	17	2.3	2021-12-03 05:15:18.569057
3	3	doughnut cold	1	18	1	2021-12-03 14:16:23.569057
0	2	coffee large	1	20	1	2021-12-03 21:58:19.569057
1	2	milk 2L	1	21	2.3	2021-12-04 02:58:48.569057
2	3	bread 700g	1	23	5.1	2021-12-04 12:37:38.569057
0	2	coffee large	1	24	1	2021-12-04 20:50:08.569057
3	0	doughnut cold	1	25	1	2021-12-05 06:10:51.569057
0	2	coffee large	1	26	1	2021-12-05 09:30:36.569057
2	3	bread 700g	2	27	5.1	2021-12-05 19:21:34.569057
2	1	bread 700g	1	28	5.1	2021-12-05 20:47:30.569057
2	0	bread 700g	1	30	5.1	2021-12-06 05:04:53.569057
0	1	coffee large	1	31	1	2021-12-06 11:00:53.569057
4	2	snickers 37g	1	32	3.1	2021-12-06 18:32:49.569057
2	1	bread 700g	1	33	5.1	2021-12-07 00:02:52.569057
1	0	milk 2L	1	34	2.3	2021-12-07 03:57:55.569057
0	0	coffee large	3	35	1.0	2021-12-07 13:24:46.569057
2	0	bread 700g	1	37	5.1	2021-12-07 21:23:00.569057
4	3	snickers 37g	1	38	3.1	2021-12-08 04:20:38.569057
0	0	coffee large	1	39	1	2021-12-08 11:22:03.569057
3	2	doughnut cold	1	40	1	2021-12-08 18:21:58.569057
0	1	coffee large	1	41	1	2021-12-08 23:59:44.569057
1	0	milk 2L	1	42	2.3	2021-12-09 03:18:22.569057
3	3	doughnut cold	1	43	1	2021-12-09 07:40:34.569057
2	1	bread 700g	1	44	5.1	2021-12-09 08:45:58.569057
1	2	milk 2L	1	45	2.3	2021-12-09 18:32:43.569057
0	3	coffee large	1	47	1	2021-12-09 22:52:11.569057
1	2	milk 2L	2	48	2.3	2021-12-10 06:39:33.569057
3	1	doughnut cold	3	49	1	2021-12-10 11:39:08.569057
0	0	coffee large	1	50	1	2021-12-10 16:58:53.569057
2	1	bread 700g	1	51	5.1	2021-12-10 18:43:43.569057
1	2	milk 2L	1	52	2.3	2021-12-10 22:34:36.569057
3	2	doughnut cold	1	53	1	2021-12-11 02:23:30.569057
0	3	coffee large	1	54	1	2021-12-11 11:37:41.569057
0	1	coffee large	2	56	1	2021-12-11 14:55:30.569057
2	3	bread 700g	1	57	5.1	2021-12-11 20:55:38.569057
0	2	coffee large	1	58	1	2021-12-12 06:56:33.569057
4	1	snickers 37g	1	59	3.1	2021-12-12 07:40:32.569057
3	0	doughnut cold	3	60	1	2021-12-12 10:41:55.569057
2	1	bread 700g	1	61	5.1	2021-12-12 13:16:54.569057
0	1	coffee large	1	62	1	2021-12-12 17:06:41.569057
4	3	snickers 37g	1	63	3.1	2021-12-13 03:34:12.569057
1	1	milk 2L	1	64	2.3	2021-12-13 04:12:34.569057
2	1	bread 700g	1	65	5.1	2021-12-13 15:08:25.569057
4	1	snickers 37g	1	67	3.1	2021-12-13 19:15:25.569057
0	1	coffee large	1	69	1	2021-12-14 00:07:44.569057
2	2	bread-700g	1	70	5.1	2021-12-14 09:56:26.569057
1	2	milk 2L	1	72	2.3	2021-12-14 14:14:37.569057
3	1	doughnut cold	1	74	1	2021-12-15 00:45:56.569057
3	0	doughnut cold	1	75	1	2021-12-15 09:38:40.569057
1	2	milk 2L	1	76	2.3	2021-12-15 12:20:41.569057
2	2	bread 700g	2	77	5.1	2021-12-15 14:48:28.569057
1	2	milk 2L	1	78	2.3	2021-12-15 23:06:14.569057
4	1	snickers 37g	1	80	3.1	2021-12-16 07:19:29.569057
4	0	snickers_37g	3	81	3.1	2021-12-16 09:09:57.569057
4	2	snickers 37g	3	82	3.1	2021-12-16 15:52:44.569057
2	1	bread 700g	1	83	5.1	2021-12-16 18:21:44.569057
3	2	doughnut cold	1	84	1	2021-12-17 01:48:27.569057
2	1	bread 700g	3	85	5.1	2021-12-17 03:13:37.569057
1	0	milk 2L	1	86	2.3	2021-12-17 13:05:21.569057
1	0	milk 2L	1	87	2.3	2021-12-17 18:41:04.569057
0	0	coffee large	3	88	1	2021-12-18 00:19:17.569057
3	3	doughnut cold	1	90	1	2021-12-18 08:16:48.569057
0	0	coffee large	1	92	1	2021-12-18 18:12:30.569057
0	0	coffee large	1	93	1	2021-12-19 04:38:35.569057
4	1	snickers 37g	1	94	3.1	2021-12-19 14:43:58.569057
3	1	doughnut cold	1	96	1	2021-12-20 00:07:22.569057
0	1	coffee large	1	97	1	2021-12-20 02:50:17.569057
1	2	milk 2L	1	98	2.3	2021-12-20 10:51:06.569057
4	2	snickers 37g	1	99	3.1	2021-12-20 12:36:49.569057
1	3	milk 2L	1	100	2.3	2021-12-20 13:22:34.569057
4	2	snickers 37g	1	102	3.1	2021-12-20 22:24:39.569057
1	2	milk 2L	1	104	2.3	2021-12-21 06:54:12.569057
2	0	bread 700g	1	105	5.1	2021-12-21 17:22:27.569057
2	2	bread 700g	1	106	5.1	2021-12-22 03:05:56.569057
3	0	doughnut cold	1	107	1	2021-12-22 12:25:25.569057
1	0	milk 2L	1	109	2.3	2021-12-22 19:33:39.569057
0	2	coffee large	2	110	1	2021-12-22 21:44:35.569057
0	0	coffee large	1	112	1	2021-12-23 06:47:51.569057
3	2	doughnut cold	1	113	1	2021-12-23 13:44:44.569057
3	2	doughnut cold	1	114	1	2021-12-23 16:01:37.569057
4	1	snickers 37g	1	115	3.1	2021-12-24 00:19:17.569057
1	2	milk 2L	1	117	2.3	2021-12-24 09:06:35.569057
1	0	milk 2L	2	118	2.3	2021-12-24 13:36:40.569057
4	3	snickers 37g	1	120	3.1	2021-12-24 18:16:33.569057
3	2	doughnut cold	1	121	1	2021-12-24 20:00:55.569057
2	1	bread-700g	1	122	5.1	2021-12-25 00:09:52.569057
0	0	coffee large	1	123	1.2	2021-12-25 07:45:21.569057
1	0	milk 2L	1	124	2.3	2021-12-25 08:40:51.569057
3	1	doughnut cold	1	125	1	2021-12-25 18:50:21.569057
0	2	coffee large	1	126	1	2021-12-26 04:28:07.569057
3	1	doughnut cold	1	128	1	2021-12-26 05:58:26.569057
1	1	milk 2L	2	129	2.5	2021-12-26 15:12:38.569057
1	2	milk-2L	1	131	2.3	2021-12-26 19:59:59.569057
2	1	bread 700g	1	132	5.1	2021-12-26 22:31:04.569057
3	3	doughnut cold	1	133	1	2021-12-27 01:20:51.569057
2	3	bread 700g	1	134	5.6	2021-12-27 09:41:39.569057
2	3	bread 700g	1	135	5.1	2021-12-27 10:25:31.569057
0	1	coffee large	1	136	1	2021-12-27 19:01:06.569057
2	3	bread 700g	1	137	5.1	2021-12-27 23:48:02.569057
1	2	milk 2L	1	138	2.3	2021-12-28 00:48:43.569057
3	0	doughnut cold	1	139	1	2021-12-28 06:42:29.569057
1	1	milk 2L	1	141	2.8	2021-12-28 11:19:20.569057
0	2	coffee large	1	142	1	2021-12-28 21:21:49.569057
0	2	coffee large	1	143	1	2021-12-29 04:12:28.569057
2	3	bread 700g	1	144	5.1	2021-12-29 13:13:10.569057
2	0	bread 700g	1	145	5.1	2021-12-29 18:33:33.569057
0	2	coffee large	1	146	1	2021-12-30 03:48:12.569057
1	3	milk 2L	1	147	2.3	2021-12-30 12:11:17.569057
4	3	snickers 37g	1	148	3.1	2021-12-30 13:16:45.569057
0	0	coffee large	1	149	1	2021-12-30 18:02:33.569057
0	0	coffee large	1	150	1	2021-12-31 00:43:03.569057
4	3	snickers 37g	1	152	3.1	2021-12-31 02:01:29.569057
1	2	milk 2L	1	154	2.3	2021-12-31 04:47:10.569057
4	1	snickers 37g	3	155	3.1	2021-12-31 08:17:02.569057
0	0	coffee large	1	156	1	2021-12-31 18:10:21.569057
2	2	bread 700g	1	157	5.1	2021-12-31 22:16:24.569057
3	1	doughnut cold	1	158	1	2021-12-31 23:21:17.569057
0	0	coffee large	2	159	1	2022-01-01 00:24:49.569057
3	3	doughnut cold	2	160	1	2022-01-01 01:11:31.569057
1	3	milk 2L	1	161	2.3	2022-01-01 04:17:20.569057
2	3	bread 700g	1	162	5.1	2022-01-01 05:31:11.569057
1	1	milk 2L	1	164	2.3	2022-01-01 12:19:37.569057
1	0	milk 2L	1	165	2.3	2022-01-01 16:08:28.569057
1	2	milk 2L	1	166	2.3	2022-01-01 17:55:45.569057
3	1	doughnut cold	1	167	1.0	2022-01-01 19:35:56.569057
3	3	doughnut-cold	1	168	1	2022-01-01 22:52:46.569057
2	2	bread 700g	1	169	5.1	2022-01-01 23:40:11.569057
1	3	milk 2L	1	170	2.3	2022-01-02 08:14:32.569057
2	3	bread 700g	1	171	5.1	2022-01-02 16:20:27.569057
4	2	snickers 37g	1	172	3.1	2022-01-02 23:17:25.569057
0	1	coffee large	1	173	1	2022-01-03 10:05:25.569057
2	2	bread 700g	1	174	5.1	2022-01-03 20:34:05.569057
1	2	milk 2L	2	175	2.3	2022-01-03 23:52:06.569057
0	1	coffee large	1	176	1	2022-01-04 02:26:02.569057
4	3	snickers 37g	1	177	3.1	2022-01-04 09:29:22.569057
3	3	doughnut_cold	1	178	1	2022-01-04 11:09:41.569057
0	3	coffee large	1	179	1	2022-01-04 18:30:30.569057
1	2	milk 2L	1	180	2.3	2022-01-04 20:30:22.569057
3	3	doughnut cold	1	181	1	2022-01-04 22:54:36.569057
3	3	doughnut cold	1	182	1	2022-01-05 09:34:02.569057
3	0	doughnut cold	1	183	1	2022-01-05 20:24:16.569057
2	3	bread 700g	1	184	5.1	2022-01-06 04:15:23.569057
1	3	milk 2L	1	185	2.3	2022-01-06 04:57:23.569057
2	1	bread 700g	1	186	5.1	2022-01-06 06:36:02.569057
0	0	coffee large	1	187	1	2022-01-06 07:45:42.569057
4	3	snickers 37g	1	188	3.1	2022-01-06 12:16:43.569057
0	1	coffee large	2	189	1	2022-01-06 17:56:58.569057
2	3	bread 700g	1	190	5.1	2022-01-07 03:09:44.569057
3	0	doughnut cold	1	191	1	2022-01-07 03:58:37.569057
3	3	doughnut cold	1	192	1	2022-01-07 12:55:41.569057
0	1	coffee large	1	194	1	2022-01-07 22:07:08.569057
1	1	milk 2L	1	195	2.3	2022-01-08 03:38:10.569057
2	2	bread-700g	1	196	5.1	2022-01-08 14:15:47.569057
1	3	milk 2L	1	197	2.3	2022-01-08 17:02:13.569057
3	2	doughnut cold	1	198	1.0	2022-01-08 22:41:46.569057
1	0	milk 2L	1	200	2.3	2022-01-09 06:39:23.569057
0	0	coffee large	1	201	1.0	2022-01-09 07:12:05.569057
0	1	coffee_large	1	202	1	2022-01-09 17:17:13.569057
0	0	coffee large	1	203	1	2022-01-09 22:24:43.569057
0	1	coffee large	1	205	1	2022-01-10 03:20:01.569057
1	1	milk 2L	1	206	2.3	2022-01-10 13:21:00.569057
1	2	milk 2L	2	208	2.3	2022-01-10 17:52:43.569057
2	3	bread 700g	1	209	5.1	2022-01-10 19:44:30.569057
1	0	milk 2L	3	210	2.3	2022-01-11 01:27:13.569057
2	0	bread 700g	1	211	5.1	2022-01-11 07:05:14.569057
1	1	milk 2L	1	212	2.3	2022-01-11 14:00:38.569057
4	1	snickers 37g	1	213	3.1	2022-01-12 01:00:45.569057
0	1	coffee large	1	214	1	2022-01-12 06:26:27.569057
1	0	milk 2L	1	216	2.3	2022-01-12 07:24:17.569057
0	1	coffee large	1	217	1.1	2022-01-12 16:03:02.569057
1	2	milk 2L	1	218	2.3	2022-01-12 17:10:36.569057
1	2	milk 2L	3	219	2.3	2022-01-12 23:32:37.569057
0	3	coffee large	2	220	1	2022-01-13 00:39:20.569057
2	3	bread 700g	1	221	5.1	2022-01-13 08:44:43.569057
4	1	snickers 37g	1	222	3.1	2022-01-13 09:58:23.569057
2	2	bread 700g	1	223	5.3	2022-01-13 12:42:53.569057
3	3	doughnut cold	1	224	1	2022-01-13 18:29:47.569057
4	0	snickers 37g	1	225	3.1	2022-01-14 00:37:55.569057
1	3	milk 2L	1	227	2.3	2022-01-14 08:40:57.569057
2	1	bread 700g	1	228	5.1	2022-01-14 12:20:48.569057
3	1	doughnut cold	1	229	1	2022-01-14 14:39:46.569057
1	1	milk 2L	1	230	2.3	2022-01-14 17:21:13.569057
2	2	bread 700g	2	231	5.1	2022-01-15 03:38:20.569057
4	2	snickers 37g	1	232	3.1	2022-01-15 14:13:22.569057
1	1	milk 2L	1	233	2.3	2022-01-15 16:01:53.569057
3	3	doughnut cold	1	234	1	2022-01-15 21:36:32.569057
1	2	milk 2L	3	235	2.3	2022-01-16 07:48:06.569057
0	3	coffee large	2	236	1	2022-01-16 17:29:26.569057
1	2	milk 2L	2	237	2.3	2022-01-16 23:08:39.569057
2	0	bread 700g	1	238	5.1	2022-01-17 02:17:44.569057
4	3	snickers 37g	1	239	3.1	2022-01-17 07:57:12.569057
4	1	snickers 37g	1	240	3.1	2022-01-17 10:43:22.569057
3	1	doughnut cold	3	242	1	2022-01-17 21:37:46.569057
1	2	milk 2L	1	243	2.3	2022-01-17 23:47:15.569057
4	2	snickers 37g	1	245	3.1	2022-01-18 08:56:08.569057
4	1	snickers_37g	1	246	3.1	2022-01-18 11:47:37.569057
2	3	bread 700g	1	248	5.1	2022-01-18 17:48:08.569057
0	0	coffee large	1	250	1	2022-01-19 00:56:13.569057
1	2	milk 2L	1	251	2.3	2022-01-19 05:07:29.569057
3	0	doughnut cold	1	253	1	2022-01-19 08:39:58.569057
2	0	bread 700g	1	254	5.1	2022-01-19 14:41:22.569057
1	2	milk 2L	1	255	2.3	2022-01-19 22:22:50.569057
2	0	bread 700g	1	256	5.1	2022-01-20 09:08:39.569057
4	0	snickers 37g	1	257	3.1	2022-01-20 14:54:24.569057
4	2	snickers 37g	1	258	3.1	2022-01-21 00:50:05.569057
4	3	snickers 37g	1	259	3.1	2022-01-21 04:09:50.569057
1	2	milk 2L	1	261	2.3	2022-01-21 07:52:15.569057
3	3	doughnut cold	1	262	1	2022-01-21 16:06:18.569057
1	2	milk 2L	1	263	2.3	2022-01-21 19:01:41.569057
0	2	coffee_large	1	264	1	2022-01-22 01:35:42.569057
1	2	milk_2L	1	265	2.3	2022-01-22 05:24:20.569057
2	0	bread 700g	1	266	5.1	2022-01-22 12:09:16.569057
4	2	snickers 37g	1	267	3.1	2022-01-22 13:31:28.569057
3	3	doughnut cold	1	268	1	2022-01-22 19:08:49.569057
2	2	bread 700g	1	269	5.1	2022-01-22 23:02:10.569057
0	1	coffee large	1	271	1	2022-01-23 09:57:06.569057
1	2	milk 2L	1	272	2.3	2022-01-23 10:20:49.569057
1	2	milk 2L	1	273	2.3	2022-01-23 19:32:07.569057
3	3	doughnut cold	2	274	1	2022-01-23 21:12:21.569057
0	0	coffee large	1	275	1	2022-01-24 00:10:33.569057
1	2	milk 2L	1	276	2.3	2022-01-24 07:46:31.569057
1	0	milk 2L	1	277	2.3	2022-01-24 15:23:08.569057
3	3	doughnut cold	3	279	1	2022-01-24 20:02:11.569057
0	0	coffee large	1	280	1	2022-01-24 22:49:59.569057
4	0	snickers 37g	1	281	3.1	2022-01-25 07:44:33.569057
3	3	doughnut cold	3	283	1	2022-01-25 16:29:58.569057
2	0	bread 700g	1	285	5.1	2022-01-26 03:19:07.569057
3	3	doughnut cold	1	286	1	2022-01-26 08:43:09.569057
0	2	coffee large	2	287	1	2022-01-26 14:50:02.569057
1	2	milk 2L	1	288	2.3	2022-01-26 19:40:28.569057
0	1	coffee large	1	290	1	2022-01-26 22:21:49.569057
4	2	snickers 37g	1	291	3.1	2022-01-27 03:06:18.569057
4	3	snickers 37g	2	292	3.1	2022-01-27 03:34:27.569057
3	3	doughnut cold	1	293	1	2022-01-27 12:51:14.569057
2	3	bread 700g	3	294	5.1	2022-01-27 15:34:32.569057
4	2	snickers 37g	3	295	3.1	2022-01-27 21:11:24.569057
2	0	bread 700g	1	296	5.1	2022-01-28 03:28:32.569057
0	1	coffee large	1	297	1	2022-01-28 08:23:32.569057
1	1	milk 2L	1	298	2.3	2022-01-28 11:29:43.569057
0	2	coffee large	1	300	1	2022-01-28 14:46:56.569057
2	0	bread 700g	1	301	5.1	2022-01-28 14:52:18.569057
1	2	milk 2L	1	302	2.3	2022-01-28 19:40:25.569057
3	0	doughnut cold	3	303	1	2022-01-29 05:19:29.569057
3	0	doughnut cold	1	304	1	2022-01-29 11:49:25.569057
1	2	milk 2L	1	305	2.3	2022-01-29 21:42:50.569057
0	0	coffee large	1	306	1	2022-01-30 07:02:54.569057
0	3	coffee large	3	307	1	2022-01-30 16:35:35.569057
0	3	coffee large	1	308	1	2022-01-30 18:04:44.569057
2	3	bread 700g	1	309	5.1	2022-01-31 02:41:04.569057
3	2	doughnut cold	1	311	1	2022-01-31 07:19:17.569057
1	2	milk 2L	1	312	2.3	2022-01-31 14:47:23.569057
0	0	coffee large	1	313	1	2022-01-31 18:02:30.569057
1	3	milk 2L	1	314	2.3	2022-02-01 04:04:55.569057
4	3	snickers 37g	1	315	3.1	2022-02-01 13:38:47.569057
4	1	snickers 37g	-1	316	3.1	2022-02-01 13:45:29.569057
2	3	bread 700g	3	317	5.1	2022-02-01 21:41:32.569057
0	1	coffee large	1	318	1	2022-02-02 03:06:21.569057
1	0	milk 2L	1	319	2.3	2022-02-02 09:36:42.569057
2	3	bread 700g	1	321	5.1	2022-02-02 10:40:54.569057
0	1	coffee large	1	322	1	2022-02-02 12:13:45.569057
0	1	coffee large	1	323	1	2022-02-02 17:48:42.569057
2	0	bread 700g	1	324	5.1	2022-02-03 01:15:24.569057
2	3	bread 700g	2	325	5.1	2022-02-03 04:38:04.569057
4	3	snickers 37g	1	326	3.1	2022-02-03 08:12:33.569057
0	1	coffee large	1	327	1	2022-02-03 10:12:52.569057
1	3	milk 2L	1	328	2.3	2022-02-03 15:00:14.569057
0	1	coffee large	1	329	1.3	2022-02-04 01:30:14.569057
1	2	milk 2L	1	331	2.3	2022-02-04 05:32:39.569057
2	1	bread 700g	1	332	5.1	2022-02-04 09:24:17.569057
1	2	milk 2L	1	334	2.3	2022-02-04 19:31:51.569057
1	3	milk 2L	1	335	2.3	2022-02-05 01:42:01.569057
3	3	doughnut cold	3	337	1	2022-02-05 11:58:09.569057
3	3	doughnut cold	3	338	1	2022-02-05 14:35:40.569057
4	3	snickers 37g	1	339	3.1	2022-02-05 21:00:28.569057
1	2	milk 2L	1	341	2.3	2022-02-06 03:10:06.569057
3	1	doughnut cold	1	343	1.5	2022-02-06 12:21:22.569057
3	1	doughnut cold	1	344	1	2022-02-06 16:12:48.569057
1	3	milk_2L	1	345	2.3	2022-02-06 20:00:38.569057
0	0	coffee large	1	346	1	2022-02-07 04:30:27.569057
3	3	doughnut cold	1	347	1	2022-02-07 08:26:37.569057
4	1	snickers 37g	-1	349	3.1	2022-02-07 09:47:22.569057
1	1	milk 2L	1	350	2.3	2022-02-07 12:37:00.569057
2	3	bread 700g	1	351	5.1	2022-02-07 20:37:41.569057
4	3	snickers 37g	1	352	3.1	2022-02-07 21:48:05.569057
1	1	milk 2L	1	353	2.3	2022-02-07 22:11:40.569057
4	0	snickers 37g	1	354	3.1	2022-02-08 08:43:05.569057
2	3	bread 700g	1	355	5.1	2022-02-08 13:26:31.569057
4	3	snickers_37g	1	356	3.1	2022-02-08 23:11:53.569057
0	3	coffee large	1	357	1	2022-02-09 02:38:14.569057
2	3	bread 700g	1	358	5.1	2022-02-09 07:04:23.569057
2	2	bread 700g	2	359	5.1	2022-02-09 16:37:06.569057
2	1	bread 700g	1	360	5.1	2022-02-09 22:13:20.569057
4	1	snickers 37g	1	361	3.1	2022-02-10 08:35:44.569057
4	3	snickers 37g	1	362	3.1	2022-02-10 11:58:30.569057
0	1	coffee large	1	363	1	2022-02-10 15:32:56.569057
3	3	doughnut cold	3	364	1	2022-02-10 20:37:01.569057
4	2	snickers 37g	1	365	3.1	2022-02-11 00:57:04.569057
1	2	milk 2L	1	366	2.3	2022-02-11 10:14:29.569057
1	0	milk 2L	1	367	2.3	2022-02-11 12:08:45.569057
4	1	snickers 37g	1	368	3.1	2022-02-11 13:15:24.569057
1	1	milk 2L	3	370	2.3	2022-02-11 17:26:35.569057
3	0	doughnut cold	1	371	1	2022-02-12 04:04:52.569057
4	3	snickers 37g	1	373	3.1	2022-02-12 09:42:27.569057
3	0	doughnut cold	2	374	1	2022-02-12 10:22:12.569057
0	2	coffee large	1	375	1	2022-02-12 17:24:44.569057
2	1	bread 700g	1	376	5.1	2022-02-12 21:42:45.569057
2	0	bread 700g	2	378	5.1	2022-02-13 05:33:32.569057
0	3	coffee large	1	379	1	2022-02-13 06:53:37.569057
1	2	milk 2L	2	380	2.3	2022-02-13 16:31:33.569057
4	2	snickers 37g	1	381	3.1	2022-02-13 18:26:21.569057
2	2	bread 700g	1	382	5.1	2022-02-13 23:10:38.569057
3	3	doughnut cold	1	383	1	2022-02-14 07:47:30.569057
1	3	milk 2L	1	385	2.3	2022-02-14 10:08:29.569057
0	2	coffee large	1	386	1	2022-02-14 19:00:15.569057
0	2	coffee large	1	387	1	2022-02-14 22:25:22.569057
2	1	bread 700g	1	388	5.1	2022-02-15 01:46:28.569057
0	3	coffee large	2	389	1	2022-02-15 10:38:52.569057
2	0	bread 700g	1	390	5.1	2022-02-15 15:56:01.569057
3	2	doughnut cold	-1	391	1	2022-02-16 00:34:49.569057
0	3	coffee large	1	392	1	2022-02-16 07:45:13.569057
2	0	bread 700g	1	393	5.1	2022-02-16 15:29:50.569057
1	0	milk 2L	1	395	2.3	2022-02-17 00:08:41.569057
4	1	snickers 37g	1	396	3.1	2022-02-17 00:26:28.569057
0	1	coffee large	1	397	1	2022-02-17 05:11:58.569057
3	3	doughnut cold	2	398	1	2022-02-17 16:07:10.569057
2	0	bread 700g	3	400	5.1	2022-02-17 19:57:58.569057
2	3	bread 700g	1	402	5.1	2022-02-17 20:07:17.569057
2	3	bread 700g	1	403	5.1	2022-02-18 06:50:44.569057
3	3	doughnut cold	2	404	1	2022-02-18 12:22:40.569057
0	0	coffee large	3	405	1	2022-02-18 21:37:24.569057
3	3	doughnut cold	1	407	1	2022-02-19 01:30:08.569057
1	2	milk 2L	1	408	2.3	2022-02-19 02:30:12.569057
3	1	doughnut cold	1	409	1	2022-02-19 08:40:00.569057
1	0	milk 2L	1	410	2.3	2022-02-19 15:15:47.569057
0	1	coffee large	2	411	1	2022-02-19 22:20:31.569057
3	3	doughnut cold	1	412	1	2022-02-20 06:08:45.569057
1	0	milk 2L	1	413	2.3	2022-02-20 15:37:29.569057
0	1	coffee large	3	414	1	2022-02-20 16:15:17.569057
3	3	doughnut cold	1	415	1	2022-02-21 02:11:03.569057
3	3	doughnut cold	1	416	1	2022-02-21 05:23:58.569057
1	2	milk 2L	1	417	2.3	2022-02-21 16:24:05.569057
1	2	milk 2L	1	418	2.3	2022-02-22 00:42:08.569057
3	3	doughnut cold	1	420	1	2022-02-22 05:42:36.569057
0	1	coffee large	2	422	1	2022-02-22 06:16:57.569057
0	2	coffee large	1	423	1	2022-02-22 08:12:10.569057
1	2	milk 2L	1	424	2.3	2022-02-22 12:18:55.569057
2	3	bread 700g	1	425	5.1	2022-02-22 16:56:56.569057
2	0	bread 700g	1	426	5.1	2022-02-23 01:00:44.569057
0	1	coffee large	2	428	1	2022-02-23 02:19:47.569057
1	1	milk 2L	1	429	2.3	2022-02-23 09:36:12.569057
0	2	coffee large	3	430	1	2022-02-23 13:57:07.569057
2	3	bread 700g	3	432	5.1	2022-02-23 15:51:46.569057
3	3	doughnut cold	1	433	1	2022-02-23 21:18:53.569057
2	2	bread 700g	1	434	5.1	2022-02-24 00:41:41.569057
1	2	milk 2L	1	435	2.3	2022-02-24 11:24:14.569057
2	3	bread 700g	1	436	5.1	2022-02-24 17:53:31.569057
3	0	doughnut cold	1	438	1	2022-02-24 22:03:55.569057
4	3	snickers 37g	1	440	3.1	2022-02-25 04:08:08.569057
2	0	bread 700g	1	441	5.1	2022-02-25 04:22:12.569057
4	1	snickers 37g	3	442	3.1	2022-02-25 10:48:20.569057
4	1	snickers 37g	1	443	3.1	2022-02-25 14:11:50.569057
0	3	coffee large	1	444	1	2022-02-25 23:57:01.569057
1	0	milk 2L	2	445	2.5999999999999996	2022-02-26 07:46:44.569057
0	1	coffee large	3	446	1	2022-02-26 08:59:21.569057
4	1	snickers 37g	1	448	3.1	2022-02-26 09:10:05.569057
1	0	milk 2L	1	449	2.3	2022-02-26 16:10:43.569057
3	2	doughnut cold	1	450	1	2022-02-26 18:52:52.569057
1	3	milk 2L	1	451	2.3	2022-02-27 02:08:35.569057
2	2	bread_700g	1	452	5.1	2022-02-27 04:36:04.569057
2	0	bread 700g	1	453	5.1	2022-02-27 11:36:16.569057
2	3	bread 700g	1	454	5.5	2022-02-27 13:11:47.569057
1	2	milk 2L	1	455	2.3	2022-02-27 20:08:07.569057
0	3	coffee large	1	456	1	2022-02-28 02:03:38.569057
2	3	bread 700g	1	457	5.1	2022-02-28 12:06:52.569057
1	2	milk 2L	1	458	2.3	2022-02-28 15:38:13.569057
4	1	snickers 37g	1	459	3.1	2022-02-28 22:13:52.569057
0	1	coffee large	1	460	1	2022-03-01 07:21:05.569057
1	2	milk 2L	1	461	2.3	2022-03-01 13:21:57.569057
3	3	doughnut cold	1	462	1.3	2022-03-01 23:56:39.569057
2	1	bread 700g	1	463	5.1	2022-03-02 00:07:39.569057
3	3	doughnut cold	3	465	1	2022-03-02 08:08:39.569057
0	0	coffee large	1	466	1	2022-03-02 12:59:16.569057
0	1	coffee large	2	467	1	2022-03-02 18:12:41.569057
1	0	milk 2L	2	468	2.3	2022-03-03 03:28:38.569057
3	2	doughnut cold	2	470	1	2022-03-03 13:48:59.569057
3	0	doughnut cold	1	471	1	2022-03-03 20:49:04.569057
3	3	doughnut cold	1	472	1	2022-03-03 22:46:26.569057
2	0	bread 700g	2	474	5.1	2022-03-04 06:33:26.569057
1	1	milk 2L	1	476	2.3	2022-03-04 11:05:31.569057
2	2	bread 700g	1	477	5.1	2022-03-04 14:06:27.569057
0	3	coffee large	1	478	1	2022-03-04 21:22:52.569057
0	2	coffee large	1	479	1	2022-03-05 01:15:08.569057
3	3	doughnut cold	2	480	1	2022-03-05 11:32:10.569057
1	1	milk 2L	1	481	2.3	2022-03-05 19:01:55.569057
0	0	coffee large	2	482	1	2022-03-05 22:15:03.569057
1	0	milk 2L	1	483	2.3	2022-03-06 00:15:21.569057
1	1	milk 2L	1	484	2.3	2022-03-06 03:10:00.569057
1	3	milk 2L	2	485	2.3	2022-03-06 13:09:18.569057
0	2	coffee large	1	487	1	2022-03-06 23:20:16.569057
3	0	doughnut cold	2	488	1	2022-03-07 00:51:07.569057
1	3	milk 2L	1	490	2.3	2022-03-07 02:54:07.569057
4	2	snickers 37g	2	491	3.1	2022-03-07 07:01:58.569057
2	3	bread 700g	1	492	5.1	2022-03-07 12:46:48.569057
3	3	doughnut cold	1	493	1	2022-03-07 13:23:16.569057
1	0	milk 2L	1	494	2.3	2022-03-07 15:24:09.569057
3	3	doughnut cold	1	495	1	2022-03-07 16:06:39.569057
3	2	doughnut cold	1	496	1	2022-03-07 21:48:00.569057
2	0	bread 700g	1	497	5.199999999999999	2022-03-08 04:16:15.569057
0	1	coffee large	1	498	1	2022-03-08 09:59:08.569057
2	3	bread 700g	1	499	5.1	2022-03-08 15:37:30.569057
2	0	bread 700g	1	501	5.1	2022-03-08 23:15:56.569057
3	1	doughnut cold	1	502	1	2022-03-09 03:53:54.569057
1	2	milk 2L	1	503	2.3	2022-03-09 05:26:20.569057
3	1	doughnut cold	2	505	1	2022-03-09 08:09:21.569057
1	1	milk-2L	1	506	2.3	2022-03-09 12:10:24.569057
1	2	milk 2L	3	507	2.3	2022-03-09 14:18:17.569057
4	1	snickers 37g	1	508	3.1	2022-03-09 22:29:33.569057
3	1	doughnut cold	1	509	1	2022-03-10 05:21:22.569057
1	2	milk 2L	1	510	2.3	2022-03-10 06:26:30.569057
2	3	bread 700g	1	511	5.1	2022-03-10 06:49:08.569057
1	1	milk 2L	3	513	2.3	2022-03-10 10:24:58.569057
2	2	bread 700g	2	514	5.1	2022-03-10 16:58:55.569057
2	3	bread 700g	1	515	5.1	2022-03-11 03:13:49.569057
0	0	coffee large	1	516	1	2022-03-11 07:33:33.569057
1	2	milk 2L	1	517	2.3	2022-03-11 14:45:43.569057
3	3	doughnut cold	1	519	1	2022-03-11 18:59:53.569057
0	2	coffee large	1	520	1	2022-03-11 20:00:20.569057
3	2	doughnut cold	1	521	1	2022-03-12 03:59:33.569057
0	2	coffee large	1	523	1	2022-03-12 11:33:47.569057
0	1	coffee large	1	524	1	2022-03-12 14:29:51.569057
1	2	milk 2L	1	525	2.3	2022-03-12 19:46:30.569057
4	2	snickers 37g	1	526	3.1	2022-03-13 02:32:14.569057
2	0	bread 700g	1	527	5.1	2022-03-13 10:29:17.569057
4	0	snickers 37g	1	528	3.1	2022-03-13 17:08:33.569057
4	1	snickers 37g	1	529	3.1	2022-03-13 22:40:33.569057
0	2	coffee large	1	530	1	2022-03-14 05:20:34.569057
4	3	snickers 37g	1	531	3.1	2022-03-14 06:50:46.569057
0	3	coffee large	1	533	1	2022-03-14 13:53:06.569057
3	3	doughnut cold	1	534	1	2022-03-14 18:41:05.569057
3	1	doughnut cold	1	535	1	2022-03-14 21:49:35.569057
3	2	doughnut cold	1	536	1	2022-03-14 22:36:40.569057
0	1	coffee large	1	537	1	2022-03-14 22:57:14.569057
0	2	coffee large	1	538	1	2022-03-14 23:12:46.569057
2	0	bread 700g	1	539	5.3999999999999995	2022-03-15 08:04:20.569057
1	2	milk 2L	1	540	2.3	2022-03-15 14:18:54.569057
3	2	doughnut cold	2	541	1	2022-03-15 16:15:23.569057
1	1	milk 2L	2	542	2.3	2022-03-16 00:38:37.569057
1	2	milk 2L	1	543	2.3	2022-03-16 02:39:43.569057
1	0	milk 2L	3	544	2.3	2022-03-16 13:17:04.569057
1	2	milk 2L	2	545	2.3	2022-03-16 14:42:38.569057
1	0	milk 2L	1	546	2.3	2022-03-17 00:57:21.569057
1	1	milk 2L	1	548	2.3	2022-03-17 01:30:50.569057
3	3	doughnut cold	1	550	1	2022-03-17 04:03:14.569057
3	2	doughnut cold	1	551	1	2022-03-17 10:46:48.569057
3	3	doughnut cold	2	552	1	2022-03-17 13:24:34.569057
1	0	milk 2L	1	553	2.3	2022-03-17 22:40:46.569057
1	1	milk 2L	1	554	2.3	2022-03-18 09:10:49.569057
1	0	milk-2L	2	555	2.3	2022-03-18 15:22:19.569057
1	1	milk 2L	1	556	2.3	2022-03-18 21:12:55.569057
3	1	doughnut cold	1	557	1	2022-03-18 21:50:37.569057
3	1	doughnut cold	1	558	1	2022-03-19 05:30:53.569057
0	0	coffee large	1	559	1	2022-03-19 13:31:45.569057
2	1	bread 700g	1	560	5.1	2022-03-19 21:29:19.569057
0	0	coffee large	1	561	1	2022-03-20 03:55:24.569057
2	3	bread 700g	2	562	5.1	2022-03-20 10:36:46.569057
3	0	doughnut cold	1	563	1	2022-03-20 10:46:19.569057
1	2	milk 2L	1	564	2.3	2022-03-20 12:52:02.569057
1	2	milk 2L	1	565	2.3	2022-03-20 23:20:08.569057
4	1	snickers 37g	3	567	3.1	2022-03-21 06:07:04.569057
0	1	coffee large	1	569	1	2022-03-21 12:50:52.569057
0	0	coffee large	1	570	1	2022-03-21 22:38:20.569057
3	0	doughnut cold	3	571	1	2022-03-22 02:00:36.569057
1	0	milk 2L	1	572	2.3	2022-03-22 07:06:23.569057
0	1	coffee large	1	573	1	2022-03-22 17:56:03.569057
3	3	doughnut cold	1	574	1	2022-03-23 03:28:38.569057
3	0	doughnut cold	2	575	1	2022-03-23 04:29:01.569057
2	0	bread 700g	1	576	5.1	2022-03-23 11:30:33.569057
0	1	coffee large	1	577	1	2022-03-23 12:01:31.569057
2	1	bread 700g	3	579	5.1	2022-03-23 13:28:18.569057
4	0	snickers 37g	1	580	3.1	2022-03-24 00:06:07.569057
4	3	snickers 37g	1	581	3.1	2022-03-24 05:57:56.569057
4	1	snickers 37g	2	582	3.1	2022-03-24 13:13:36.569057
1	0	milk 2L	1	583	2.3	2022-03-24 16:19:40.569057
3	0	doughnut cold	1	584	1	2022-03-24 19:03:10.569057
2	3	bread 700g	1	585	5.1	2022-03-24 22:39:29.569057
3	2	doughnut cold	1	586	1	2022-03-25 01:40:49.569057
1	0	milk 2L	1	587	2.3	2022-03-25 07:46:38.569057
3	1	doughnut cold	1	589	1	2022-03-25 18:19:56.569057
1	2	milk 2L	1	591	2.3	2022-03-25 19:59:00.569057
3	1	doughnut cold	1	592	1	2022-03-26 05:08:22.569057
3	3	doughnut cold	2	593	1	2022-03-26 07:40:40.569057
1	1	milk 2L	1	594	2.3	2022-03-26 11:38:45.569057
0	0	coffee large	1	595	1	2022-03-26 16:55:16.569057
2	0	bread 700g	3	597	5.1	2022-03-27 00:35:43.569057
3	0	doughnut cold	2	599	1	2022-03-27 03:20:17.569057
1	0	milk 2L	3	600	2.3	2022-03-27 14:09:05.569057
1	0	milk 2L	1	601	2.3	2022-03-27 14:33:32.569057
3	0	doughnut cold	2	602	1	2022-03-27 16:00:49.569057
0	1	coffee large	1	603	1	2022-03-27 17:42:18.569057
3	3	doughnut cold	1	604	1	2022-03-27 19:44:46.569057
1	2	milk 2L	2	605	2.3	2022-03-27 21:18:51.569057
3	0	doughnut cold	1	606	1	2022-03-27 22:18:06.569057
1	3	milk 2L	1	607	2.3	2022-03-28 07:56:48.569057
1	2	milk 2L	2	608	2.3	2022-03-28 15:52:35.569057
0	3	coffee large	1	610	1	2022-03-28 16:06:41.569057
0	0	coffee large	1	611	1	2022-03-29 00:42:03.569057
3	2	doughnut cold	1	612	1	2022-03-29 11:22:34.569057
2	1	bread 700g	1	613	5.1	2022-03-29 20:59:00.569057
0	0	coffee large	1	615	1	2022-03-29 22:02:22.569057
2	0	bread 700g	2	616	5.1	2022-03-29 22:05:44.569057
0	1	coffee large	1	617	1	2022-03-30 00:44:27.569057
4	1	snickers 37g	1	618	3.1	2022-03-30 03:44:16.569057
3	1	doughnut cold	1	619	1	2022-03-30 13:07:18.569057
0	0	coffee large	2	620	1.0	2022-03-30 20:54:33.569057
4	0	snickers 37g	1	622	3.1	2022-03-31 03:43:01.569057
3	3	doughnut cold	2	623	1.0	2022-03-31 08:25:27.569057
0	3	coffee large	1	624	1	2022-03-31 10:32:40.569057
0	1	coffee large	1	625	1.5	2022-03-31 16:05:04.569057
2	0	bread 700g	1	627	5.1	2022-03-31 16:16:24.569057
0	1	coffee large	1	629	1	2022-04-01 02:09:29.569057
1	0	milk 2L	1	631	2.3	2022-04-01 10:27:39.569057
1	3	milk 2L	2	633	2.3	2022-04-01 11:08:10.569057
0	3	coffee large	1	634	1	2022-04-01 14:23:13.569057
1	2	milk 2L	1	635	2.3	2022-04-01 16:20:03.569057
2	0	bread 700g	3	636	5.3999999999999995	2022-04-02 01:37:18.569057
3	3	doughnut cold	1	637	1	2022-04-02 11:56:05.569057
0	0	coffee large	1	638	1	2022-04-02 19:48:51.569057
4	2	snickers 37g	2	639	3.1	2022-04-03 02:30:36.569057
0	1	coffee large	1	640	1	2022-04-03 12:24:43.569057
0	2	coffee large	2	641	1	2022-04-03 22:54:30.569057
3	3	doughnut cold	1	642	1	2022-04-04 04:47:18.569057
1	2	milk 2L	1	643	2.3	2022-04-04 07:16:43.569057
4	1	snickers 37g	1	644	3.1	2022-04-04 07:23:05.569057
2	3	bread 700g	1	645	5.1	2022-04-04 14:23:34.569057
0	3	coffee large	1	646	1	2022-04-05 01:23:17.569057
1	2	milk 2L	1	647	2.3	2022-04-05 08:47:24.569057
0	1	coffee large	1	648	1	2022-04-05 08:53:21.569057
2	0	bread 700g	-1	649	5.1	2022-04-05 18:51:09.569057
1	0	milk 2L	1	650	2.3	2022-04-05 20:48:01.569057
2	0	bread 700g	1	651	5.1	2022-04-06 00:46:17.569057
2	2	bread 700g	1	653	5.1	2022-04-06 03:36:46.569057
0	1	coffee large	1	654	1	2022-04-06 05:50:58.569057
1	0	milk 2L	1	655	2.3	2022-04-06 16:11:07.569057
3	3	doughnut cold	1	656	1.2	2022-04-07 02:40:12.569057
0	2	coffee large	2	657	1	2022-04-07 03:50:26.569057
1	1	milk 2L	2	658	2.3	2022-04-07 07:39:07.569057
0	0	coffee large	1	659	1	2022-04-07 14:30:16.569057
2	0	bread 700g	1	660	5.1	2022-04-07 14:59:03.569057
4	3	snickers 37g	1	662	3.1	2022-04-07 23:47:12.569057
4	2	snickers 37g	1	663	3.1	2022-04-08 07:07:05.569057
0	0	coffee large	2	664	1	2022-04-08 13:33:03.569057
2	2	bread 700g	3	665	5.1	2022-04-09 00:01:21.569057
4	1	snickers 37g	1	666	3.1	2022-04-09 07:53:16.569057
2	0	bread 700g	2	667	5.1	2022-04-09 18:44:11.569057
1	2	milk 2L	3	668	2.3	2022-04-09 19:27:02.569057
3	1	doughnut cold	1	669	1.2	2022-04-09 19:36:46.569057
2	0	bread 700g	1	670	5.1	2022-04-09 20:51:25.569057
2	3	bread 700g	2	671	5.1	2022-04-09 22:46:32.569057
0	1	coffee large	1	672	1	2022-04-10 03:14:28.569057
2	3	bread 700g	1	673	5.1	2022-04-10 13:15:13.569057
2	0	bread 700g	1	674	5.1	2022-04-10 16:36:13.569057
0	0	coffee large	1	675	1	2022-04-10 20:25:36.569057
4	3	snickers 37g	3	676	3.1	2022-04-10 21:50:17.569057
3	3	doughnut cold	2	677	1	2022-04-11 00:34:27.569057
3	0	doughnut cold	1	678	1	2022-04-11 07:47:30.569057
1	1	milk 2L	3	679	2.3	2022-04-11 10:11:53.569057
0	0	coffee large	1	680	1	2022-04-11 19:24:00.569057
2	3	bread 700g	1	681	5.1	2022-04-12 00:19:03.569057
4	2	snickers 37g	1	682	3.1	2022-04-12 04:19:39.569057
3	3	doughnut cold	1	683	1	2022-04-12 13:16:06.569057
4	3	snickers 37g	1	684	3.1	2022-04-12 18:45:15.569057
1	2	milk 2L	2	685	2.3	2022-04-12 23:01:11.569057
4	2	snickers 37g	1	686	3.1	2022-04-13 02:32:10.569057
4	0	snickers 37g	1	687	3.1	2022-04-13 06:45:10.569057
0	2	coffee large	1	688	1	2022-04-13 10:10:17.569057
4	3	snickers 37g	2	690	3.1	2022-04-13 19:09:06.569057
1	2	milk 2L	3	691	2.3	2022-04-13 20:20:20.569057
2	1	bread 700g	1	692	5.1	2022-04-14 05:49:30.569057
2	3	bread 700g	1	693	5.1	2022-04-14 12:49:41.569057
0	0	coffee-large	1	694	1	2022-04-14 13:39:49.569057
0	1	coffee large	1	695	1	2022-04-14 14:01:12.569057
2	3	bread 700g	1	696	5.1	2022-04-14 15:48:04.569057
3	0	doughnut cold	1	698	1	2022-04-14 23:25:35.569057
1	0	milk_2L	1	699	2.3	2022-04-15 04:57:09.569057
4	0	snickers 37g	1	700	3.1	2022-04-15 12:58:14.569057
1	1	milk 2L	1	701	2.3	2022-04-15 22:43:14.569057
4	0	snickers 37g	3	702	3.1	2022-04-16 05:40:30.569057
3	1	doughnut cold	2	703	1	2022-04-16 08:28:34.569057
1	0	milk 2L	3	704	2.3	2022-04-16 08:36:44.569057
4	1	snickers 37g	2	705	3.1	2022-04-16 10:52:14.569057
0	1	coffee large	-1	707	1	2022-04-16 18:13:42.569057
3	2	doughnut cold	1	709	1	2022-04-16 21:44:11.569057
0	3	coffee large	3	710	1	2022-04-17 02:27:21.569057
3	0	doughnut cold	1	711	1	2022-04-17 05:46:13.569057
4	2	snickers 37g	2	712	3.1	2022-04-17 07:33:57.569057
4	3	snickers 37g	1	713	3.1	2022-04-17 17:34:00.569057
3	0	doughnut cold	1	714	1	2022-04-17 19:07:09.569057
2	0	bread 700g	1	715	5.1	2022-04-18 02:53:32.569057
3	3	doughnut-cold	2	716	1	2022-04-18 06:39:32.569057
1	3	milk 2L	1	717	2.3	2022-04-18 08:58:35.569057
0	3	coffee large	3	718	1	2022-04-18 09:04:35.569057
0	1	coffee large	1	719	1	2022-04-18 09:39:37.569057
1	3	milk 2L	1	721	2.3	2022-04-18 12:43:15.569057
3	0	doughnut cold	1	722	1	2022-04-18 23:16:15.569057
4	0	snickers 37g	1	723	3.5	2022-04-19 08:37:41.569057
0	1	coffee large	1	725	1	2022-04-19 09:39:34.569057
0	0	coffee large	1	726	1	2022-04-19 15:03:53.569057
1	2	milk 2L	1	728	2.3	2022-04-19 16:22:07.569057
2	2	bread 700g	1	729	5.1	2022-04-19 21:36:50.569057
4	1	snickers 37g	2	730	3.1	2022-04-20 06:04:30.569057
2	3	bread 700g	1	731	5.1	2022-04-20 09:24:47.569057
3	0	doughnut cold	1	732	1	2022-04-20 16:00:11.569057
1	2	milk 2L	2	734	2.3	2022-04-20 19:49:52.569057
4	3	snickers 37g	2	735	3.1	2022-04-21 02:25:36.569057
3	0	doughnut cold	1	736	1	2022-04-21 11:46:12.569057
0	1	coffee large	1	737	1	2022-04-21 22:00:44.569057
1	2	milk 2L	1	738	2.3	2022-04-22 06:03:44.569057
3	3	doughnut cold	1	739	1	2022-04-22 16:52:56.569057
4	1	snickers 37g	1	740	3.1	2022-04-23 00:40:09.569057
1	2	milk 2L	2	741	2.3	2022-04-23 03:42:31.569057
2	1	bread 700g	1	742	5.1	2022-04-23 03:51:26.569057
2	1	bread 700g	1	743	5.1	2022-04-23 08:52:00.569057
1	3	milk 2L	1	744	2.3	2022-04-23 10:29:39.569057
3	0	doughnut cold	1	745	1	2022-04-23 19:37:39.569057
1	3	milk 2L	2	746	2.3	2022-04-23 21:57:06.569057
1	2	milk 2L	1	747	2.3	2022-04-24 01:38:29.569057
3	2	doughnut cold	1	748	1	2022-04-24 11:16:26.569057
4	1	snickers 37g	1	749	3.1	2022-04-24 21:52:07.569057
2	2	bread 700g	1	750	5.1	2022-04-25 05:35:06.569057
1	1	milk 2L	1	751	2.3	2022-04-25 12:31:02.569057
2	2	bread 700g	1	752	5.1	2022-04-25 22:28:17.569057
1	3	milk 2L	1	753	2.3	2022-04-25 23:57:42.569057
3	3	doughnut cold	1	754	1	2022-04-26 09:32:47.569057
4	3	snickers 37g	1	755	3.1	2022-04-26 11:56:25.569057
2	1	bread 700g	3	756	5.1	2022-04-26 20:32:09.569057
0	2	coffee large	1	757	1	2022-04-27 05:25:50.569057
1	3	milk 2L	1	758	2.3	2022-04-27 14:28:02.569057
2	2	bread 700g	1	759	5.1	2022-04-27 21:29:58.569057
2	1	bread 700g	2	760	5.1	2022-04-28 06:02:04.569057
2	1	bread 700g	1	761	5.6	2022-04-28 06:10:38.569057
2	3	bread 700g	1	762	5.1	2022-04-28 11:17:29.569057
0	1	coffee large	1	763	1	2022-04-28 19:09:33.569057
3	2	doughnut cold	2	764	1	2022-04-28 23:41:18.569057
4	0	snickers 37g	1	765	3.1	2022-04-29 08:35:03.569057
1	0	milk 2L	-1	766	2.3	2022-04-29 10:14:51.569057
2	3	bread 700g	1	768	5.1	2022-04-29 10:32:58.569057
3	0	doughnut cold	1	769	1	2022-04-29 12:10:09.569057
4	2	snickers 37g	1	770	3.1	2022-04-29 13:21:58.569057
2	3	bread 700g	1	771	5.1	2022-04-29 14:59:39.569057
0	1	coffee large	2	772	1	2022-04-30 01:52:05.569057
3	0	doughnut cold	1	773	1	2022-04-30 12:33:50.569057
3	3	doughnut-cold	1	774	1	2022-04-30 17:58:52.569057
2	1	bread 700g	1	776	5.1	2022-04-30 20:15:46.569057
3	2	doughnut cold	1	777	1.1	2022-04-30 21:58:24.569057
4	2	snickers 37g	3	778	3.1	2022-05-01 07:46:35.569057
3	1	doughnut cold	1	779	1	2022-05-01 12:40:46.569057
0	2	coffee large	1	780	1	2022-05-01 15:19:06.569057
4	3	snickers 37g	1	781	3.1	2022-05-01 15:39:43.569057
0	0	coffee large	2	782	1	2022-05-02 00:11:59.569057
0	0	coffee large	1	783	1	2022-05-02 10:24:23.569057
3	3	doughnut cold	3	784	1	2022-05-02 13:29:14.569057
0	0	coffee large	2	786	1	2022-05-02 19:30:07.569057
3	1	doughnut cold	1	787	1	2022-05-02 19:31:12.569057
4	3	snickers 37g	1	788	3.1	2022-05-02 21:40:56.569057
3	3	doughnut cold	-1	789	1	2022-05-03 01:11:56.569057
3	2	doughnut cold	1	790	1	2022-05-03 02:33:30.569057
1	2	milk 2L	1	791	2.3	2022-05-03 08:49:11.569057
3	0	doughnut cold	2	792	1	2022-05-03 16:15:22.569057
3	0	doughnut cold	1	793	1	2022-05-03 22:43:46.569057
0	1	coffee large	1	794	1	2022-05-04 08:41:03.569057
0	1	coffee large	2	796	1	2022-05-04 11:00:18.569057
4	1	snickers 37g	1	797	3.1	2022-05-04 19:24:10.569057
0	2	coffee large	1	799	1	2022-05-04 21:17:01.569057
3	3	doughnut cold	1	800	1	2022-05-04 23:43:24.569057
3	0	doughnut cold	1	801	1	2022-05-05 04:05:41.569057
1	0	milk 2L	3	802	2.3	2022-05-05 06:40:09.569057
4	2	snickers 37g	1	803	3.1	2022-05-05 06:42:09.569057
2	0	bread 700g	1	804	5.1	2022-05-05 15:05:48.569057
3	3	doughnut cold	2	805	1	2022-05-05 21:53:05.569057
3	3	doughnut cold	3	806	1	2022-05-06 04:31:17.569057
0	3	coffee large	1	807	1	2022-05-06 07:18:02.569057
3	0	doughnut cold	1	808	1	2022-05-06 09:05:03.569057
2	2	bread 700g	-1	809	5.1	2022-05-06 13:26:16.569057
1	3	milk 2L	2	810	2.3	2022-05-06 20:16:47.569057
1	3	milk 2L	1	811	2.3	2022-05-07 05:31:31.569057
2	0	bread 700g	1	812	5.1	2022-05-07 15:36:19.569057
1	3	milk 2L	1	813	2.3	2022-05-07 15:59:17.569057
1	3	milk 2L	1	814	2.3	2022-05-08 01:40:47.569057
4	3	snickers 37g	1	815	3.1	2022-05-08 07:03:16.569057
1	3	milk 2L	1	817	2.3	2022-05-08 17:30:22.569057
4	3	snickers 37g	1	818	3.1	2022-05-08 22:42:01.569057
1	2	milk 2L	2	819	2.3	2022-05-09 03:12:01.569057
0	0	coffee-large	1	821	1	2022-05-09 03:16:57.569057
3	1	doughnut cold	3	822	1	2022-05-09 07:09:51.569057
0	3	coffee large	1	824	1	2022-05-09 16:04:12.569057
4	0	snickers 37g	1	825	3.1	2022-05-09 23:41:03.569057
2	0	bread_700g	3	827	5.1	2022-05-10 00:45:17.569057
1	2	milk 2L	1	828	2.3	2022-05-10 01:34:30.569057
1	3	milk 2L	1	829	2.6999999999999997	2022-05-10 05:35:27.569057
1	2	milk 2L	1	830	2.3	2022-05-10 12:10:35.569057
1	2	milk 2L	3	831	2.3	2022-05-10 22:38:42.569057
3	0	doughnut cold	1	832	1	2022-05-11 07:09:22.569057
0	3	coffee large	1	833	1	2022-05-11 08:57:59.569057
1	3	milk 2L	1	834	2.3	2022-05-11 14:23:20.569057
3	0	doughnut cold	3	836	1	2022-05-11 14:27:53.569057
1	3	milk 2L	1	837	2.3	2022-05-11 22:45:20.569057
0	3	coffee large	1	838	1	2022-05-12 01:45:25.569057
4	3	snickers 37g	1	839	3.1	2022-05-12 11:30:56.569057
0	1	coffee large	1	840	1	2022-05-12 13:36:35.569057
0	1	coffee large	3	841	1	2022-05-12 18:57:11.569057
0	2	coffee large	1	842	1	2022-05-13 05:53:50.569057
0	1	coffee large	1	843	1	2022-05-13 16:53:18.569057
2	1	bread 700g	2	844	5.1	2022-05-13 21:21:23.569057
3	2	doughnut cold	1	845	1	2022-05-14 01:57:47.569057
2	3	bread 700g	1	846	5.1	2022-05-14 06:56:52.569057
0	2	coffee large	1	847	1	2022-05-14 10:59:59.569057
3	3	doughnut cold	3	848	1	2022-05-14 11:39:59.569057
1	3	milk 2L	2	849	2.3	2022-05-14 15:10:55.569057
3	3	doughnut cold	1	850	1	2022-05-14 16:10:58.569057
3	3	doughnut cold	1	851	1	2022-05-14 16:49:19.569057
3	3	doughnut cold	1	852	1	2022-05-15 02:05:12.569057
0	2	coffee large	1	853	1	2022-05-15 09:06:26.569057
0	2	coffee large	1	854	1	2022-05-15 20:01:11.569057
0	2	coffee large	2	856	1	2022-05-15 22:38:54.569057
3	1	doughnut cold	1	857	1	2022-05-16 08:07:50.569057
0	1	coffee large	1	858	1	2022-05-16 12:56:19.569057
2	1	bread 700g	1	859	5.1	2022-05-16 21:39:05.569057
1	2	milk 2L	-1	860	2.3	2022-05-17 01:32:09.569057
1	0	milk 2L	1	861	2.3	2022-05-17 08:34:19.569057
4	1	snickers 37g	1	862	3.1	2022-05-17 14:58:15.569057
3	3	doughnut cold	1	863	1	2022-05-17 19:03:24.569057
2	1	bread 700g	1	864	5.1	2022-05-17 23:48:18.569057
4	2	snickers-37g	1	866	3.1	2022-05-18 05:21:22.569057
3	1	doughnut cold	1	867	1	2022-05-18 14:13:35.569057
0	2	coffee large	1	868	1.5	2022-05-18 15:47:04.569057
1	3	milk 2L	1	869	2.3	2022-05-19 01:20:48.569057
1	1	milk 2L	1	870	2.3	2022-05-19 11:16:00.569057
3	2	doughnut cold	1	872	1	2022-05-19 19:45:51.569057
4	1	snickers 37g	1	873	3.1	2022-05-19 22:02:35.569057
2	2	bread 700g	1	874	5.1	2022-05-20 06:42:12.569057
0	0	coffee large	1	875	1	2022-05-20 10:20:17.569057
3	2	doughnut cold	1	877	1	2022-05-20 17:08:52.569057
3	1	doughnut cold	1	878	1	2022-05-21 00:35:34.569057
3	0	doughnut cold	1	879	1	2022-05-21 06:08:07.569057
0	1	coffee large	3	880	1	2022-05-21 10:10:22.569057
3	0	doughnut cold	1	882	1	2022-05-21 11:09:24.569057
2	3	bread 700g	2	883	5.199999999999999	2022-05-21 21:01:02.569057
0	2	coffee large	1	884	1	2022-05-21 23:29:35.569057
0	3	coffee large	2	885	1	2022-05-22 03:40:02.569057
0	0	coffee large	1	886	1	2022-05-22 14:37:34.569057
2	3	bread 700g	1	887	5.1	2022-05-23 00:58:55.569057
0	0	coffee-large	2	888	1.1	2022-05-23 06:29:19.569057
0	1	coffee large	1	889	1	2022-05-23 11:42:44.569057
1	1	milk 2L	1	891	2.3	2022-05-23 17:14:53.569057
3	3	doughnut cold	1	892	1	2022-05-23 20:31:48.569057
4	0	snickers 37g	2	894	3.1	2022-05-23 22:37:51.569057
0	1	coffee large	1	895	1	2022-05-24 01:43:18.569057
2	2	bread 700g	1	896	5.1	2022-05-24 03:45:36.569057
2	0	bread 700g	1	898	5.1	2022-05-24 07:17:51.569057
3	3	doughnut cold	1	899	1	2022-05-24 16:37:49.569057
0	1	coffee large	1	900	1	2022-05-24 22:02:21.569057
0	3	coffee-large	1	901	1	2022-05-25 03:10:08.569057
3	3	doughnut cold	1	902	1	2022-05-25 09:41:08.569057
1	2	milk 2L	1	904	2.3	2022-05-25 12:43:48.569057
0	0	coffee large	1	905	1	2022-05-25 23:29:13.569057
0	0	coffee large	3	906	1	2022-05-26 05:19:18.569057
3	3	doughnut cold	1	907	1	2022-05-26 15:15:07.569057
1	2	milk 2L	1	908	2.3	2022-05-27 00:46:28.569057
4	2	snickers 37g	2	909	3.1	2022-05-27 08:51:05.569057
1	0	milk 2L	1	910	2.5999999999999996	2022-05-27 15:09:08.569057
1	1	milk 2L	1	911	2.3	2022-05-27 22:31:48.569057
2	1	bread 700g	1	912	5.1	2022-05-28 03:32:01.569057
1	2	milk 2L	3	913	2.3	2022-05-28 04:34:35.569057
1	2	milk 2L	1	915	2.3	2022-05-28 06:21:04.569057
2	0	bread 700g	1	916	5.1	2022-05-28 09:54:57.569057
1	2	milk 2L	1	917	2.3	2022-05-28 15:04:31.569057
1	1	milk 2L	1	918	2.3	2022-05-29 00:14:04.569057
1	1	milk 2L	1	919	2.3	2022-05-29 08:40:08.569057
1	2	milk 2L	2	921	2.3	2022-05-29 15:26:55.569057
3	3	doughnut cold	1	922	1	2022-05-29 19:55:06.569057
3	3	doughnut cold	1	923	1	2022-05-30 05:14:18.569057
3	2	doughnut cold	1	924	1	2022-05-30 14:49:15.569057
0	3	coffee large	1	925	1	2022-05-31 00:42:32.569057
0	2	coffee large	1	926	1	2022-05-31 10:09:09.569057
1	2	milk 2L	1	927	2.3	2022-05-31 17:42:48.569057
1	2	milk 2L	3	928	2.3	2022-05-31 20:13:54.569057
2	0	bread 700g	1	929	5.1	2022-05-31 23:52:22.569057
2	1	bread 700g	1	930	5.1	2022-06-01 06:04:22.569057
0	2	coffee large	1	931	1	2022-06-01 10:24:25.569057
1	2	milk 2L	1	932	2.3	2022-06-01 15:33:05.569057
2	0	bread 700g	1	934	5.1	2022-06-01 18:03:12.569057
3	3	doughnut cold	1	935	1	2022-06-02 04:46:13.569057
0	1	coffee large	1	936	1	2022-06-02 09:54:05.569057
1	2	milk 2L	2	937	2.3	2022-06-02 16:11:59.569057
0	1	coffee large	1	938	1.0	2022-06-02 23:10:46.569057
2	0	bread 700g	1	939	5.1	2022-06-03 00:52:31.569057
3	0	doughnut cold	1	940	1	2022-06-03 07:37:27.569057
2	2	bread 700g	1	941	5.1	2022-06-03 17:36:40.569057
0	3	coffee large	2	942	1	2022-06-04 02:56:25.569057
3	0	doughnut cold	1	944	1	2022-06-04 05:43:29.569057
0	3	coffee_large	1	945	1	2022-06-04 06:22:26.569057
0	0	coffee large	2	946	1	2022-06-04 13:47:03.569057
2	1	bread 700g	2	947	5.199999999999999	2022-06-04 21:43:23.569057
3	3	doughnut cold	1	948	1	2022-06-05 05:21:02.569057
4	3	snickers 37g	1	949	3.1	2022-06-05 06:52:44.569057
1	3	milk 2L	1	951	2.3	2022-06-05 11:53:42.569057
4	0	snickers 37g	1	953	3.1	2022-06-05 20:54:51.569057
3	1	doughnut cold	1	954	1	2022-06-06 04:23:32.569057
1	0	milk 2L	1	955	2.3	2022-06-06 12:26:32.569057
3	1	doughnut cold	1	956	1	2022-06-06 19:08:16.569057
3	1	doughnut cold	1	957	1	2022-06-07 00:38:40.569057
3	0	doughnut cold	1	958	1	2022-06-07 10:30:44.569057
1	2	milk 2L	1	959	2.5	2022-06-07 20:21:55.569057
4	0	snickers 37g	3	961	3.1	2022-06-07 22:27:19.569057
3	3	doughnut cold	1	962	1	2022-06-08 05:53:40.569057
2	2	bread 700g	1	963	5.1	2022-06-08 12:32:39.569057
2	3	bread 700g	1	964	5.1	2022-06-08 19:31:17.569057
2	3	bread 700g	1	966	5.1	2022-06-08 22:50:53.569057
2	0	bread 700g	3	968	5.1	2022-06-09 00:57:33.569057
3	2	doughnut cold	1	969	1	2022-06-09 10:12:54.569057
2	0	bread 700g	3	970	5.1	2022-06-09 16:15:07.569057
3	2	doughnut cold	1	971	1	2022-06-09 19:56:01.569057
4	0	snickers 37g	1	972	3.2	2022-06-10 06:24:48.569057
2	3	bread 700g	1	974	5.1	2022-06-10 09:07:40.569057
2	1	bread 700g	1	975	5.1	2022-06-10 12:04:06.569057
0	1	coffee large	1	976	1	2022-06-10 21:04:36.569057
0	2	coffee large	1	977	1	2022-06-11 04:54:21.569057
1	0	milk 2L	1	979	2.3	2022-06-11 06:13:29.569057
3	1	doughnut cold	1	980	1	2022-06-11 17:00:04.569057
1	0	milk 2L	1	981	2.3	2022-06-12 03:39:27.569057
4	3	snickers 37g	1	982	3.2	2022-06-12 10:49:20.569057
1	2	milk 2L	1	983	2.3	2022-06-12 13:46:17.569057
0	3	coffee large	1	984	1	2022-06-12 13:56:28.569057
0	2	coffee large	1	986	1	2022-06-12 16:24:13.569057
0	0	coffee large	1	987	1	2022-06-12 17:35:57.569057
3	3	doughnut cold	1	988	1	2022-06-13 04:08:04.569057
2	0	bread 700g	1	989	5.1	2022-06-13 06:36:34.569057
3	0	doughnut cold	1	990	1.4	2022-06-13 16:46:13.569057
2	2	bread 700g	1	992	5.1	2022-06-13 23:19:49.569057
3	3	doughnut cold	1	993	1	2022-06-14 08:32:08.569057
4	0	snickers 37g	1	994	3.1	2022-06-14 16:13:27.569057
0	1	coffee large	1	995	1	2022-06-14 22:45:49.569057
3	3	doughnut cold	1	996	1	2022-06-15 03:59:06.569057
3	2	doughnut cold	2	997	1	2022-06-15 05:20:21.569057
3	1	doughnut cold	2	998	1	2022-06-15 10:27:21.569057
0	3	coffee large	1	999	1	2022-06-15 10:46:19.569057
3	3	doughnut cold	1	1000	1	2022-06-15 13:37:59.569057
2	0	bread 700g	2	1001	5.1	2022-06-15 22:52:43.569057
0	3	coffee large	1	1003	1	2022-06-16 07:07:32.569057
1	2	milk 2L	1	1004	2.3	2022-06-16 17:26:47.569057
1	3	milk 2L	1	1005	2.6999999999999997	2022-06-17 02:14:36.569057
4	1	snickers 37g	1	1007	3.1	2022-06-17 09:29:32.569057
2	1	bread 700g	1	1009	5.1	2022-06-17 14:20:59.569057
0	3	coffee large	1	1010	1	2022-06-17 14:23:37.569057
4	2	snickers 37g	1	1011	3.1	2022-06-17 18:25:41.569057
2	0	bread 700g	1	1012	5.1	2022-06-18 04:44:15.569057
0	1	coffee large	1	1013	1	2022-06-18 09:44:40.569057
0	0	coffee large	1	1014	1	2022-06-18 14:01:40.569057
0	3	coffee large	1	1015	1	2022-06-18 16:44:11.569057
4	2	snickers 37g	1	1016	3.1	2022-06-18 21:30:11.569057
2	2	bread 700g	1	1017	5.1	2022-06-18 21:48:58.569057
0	1	coffee large	1	1018	1	2022-06-18 23:06:12.569057
1	2	milk 2L	2	1020	2.3	2022-06-19 05:54:52.569057
3	2	doughnut cold	1	1021	1	2022-06-19 11:00:07.569057
1	2	milk 2L	2	1022	2.3	2022-06-19 18:53:49.569057
2	0	bread 700g	1	1024	5.1	2022-06-20 01:21:37.569057
1	3	milk 2L	1	1026	2.3	2022-06-20 06:51:28.569057
2	3	bread 700g	1	1027	5.1	2022-06-20 14:45:54.569057
1	2	milk 2L	2	1028	2.3	2022-06-20 23:11:26.569057
1	1	milk 2L	1	1029	2.3	2022-06-21 03:15:46.569057
0	0	coffee large	1	1030	1	2022-06-21 03:41:02.569057
3	2	doughnut cold	3	1031	1	2022-06-21 09:34:35.569057
1	2	milk 2L	2	1032	2.3	2022-06-21 19:38:18.569057
2	0	bread 700g	1	1033	5.1	2022-06-21 23:46:18.569057
0	0	coffee large	1	1034	1.3	2022-06-22 00:29:03.569057
1	0	milk 2L	2	1035	2.3	2022-06-22 06:33:17.569057
3	3	doughnut cold	2	1036	1	2022-06-22 13:04:04.569057
3	3	doughnut cold	3	1037	1	2022-06-22 21:38:05.569057
0	1	coffee large	1	1038	1	2022-06-22 23:28:41.569057
0	0	coffee large	1	1040	1	2022-06-23 02:32:04.569057
3	0	doughnut cold	1	1041	1	2022-06-23 03:47:51.569057
2	3	bread 700g	1	1042	5.1	2022-06-23 05:15:26.569057
0	0	coffee large	1	1043	1	2022-06-23 08:51:12.569057
3	2	doughnut cold	1	1045	1	2022-06-23 11:45:51.569057
3	3	doughnut cold	1	1046	1	2022-06-23 16:40:54.569057
3	0	doughnut cold	3	1047	1	2022-06-23 17:03:15.569057
3	0	doughnut cold	1	1048	1	2022-06-23 18:48:57.569057
3	3	doughnut cold	1	1050	1	2022-06-24 03:18:00.569057
1	1	milk 2L	1	1051	2.3	2022-06-24 07:42:16.569057
1	1	milk_2L	1	1052	2.3	2022-06-24 09:35:04.569057
4	2	snickers 37g	1	1053	3.1	2022-06-24 18:27:20.569057
2	0	bread 700g	2	1055	5.1	2022-06-24 21:18:58.569057
1	3	milk 2L	1	1057	2.3	2022-06-25 06:24:12.569057
4	0	snickers 37g	3	1058	3.1	2022-06-25 12:35:35.569057
4	3	snickers 37g	1	1059	3.3000000000000003	2022-06-25 13:54:08.569057
1	3	milk 2L	2	1061	2.3	2022-06-26 00:12:53.569057
3	3	doughnut cold	1	1063	1	2022-06-26 07:38:36.569057
0	0	coffee large	1	1064	1	2022-06-26 16:19:43.569057
1	3	milk 2L	1	1065	2.3	2022-06-26 16:35:00.569057
0	1	coffee large	1	1066	1	2022-06-26 17:15:38.569057
0	3	coffee large	1	1067	1	2022-06-26 22:30:01.569057
3	0	doughnut cold	1	1068	1	2022-06-27 04:53:11.569057
4	3	snickers 37g	1	1069	3.1	2022-06-27 15:13:54.569057
0	2	coffee large	1	1070	1	2022-06-27 20:03:16.569057
3	2	doughnut cold	1	1071	1	2022-06-28 04:12:23.569057
3	3	doughnut cold	2	1072	1	2022-06-28 14:27:33.569057
3	2	doughnut cold	2	1073	1	2022-06-28 23:51:12.569057
3	3	doughnut-cold	2	1074	1	2022-06-29 02:22:19.569057
4	3	snickers 37g	1	1076	3.1	2022-06-29 06:23:39.569057
1	0	milk 2L	1	1077	2.3	2022-06-29 08:30:10.569057
0	3	coffee large	1	1078	1	2022-06-29 13:16:12.569057
0	3	coffee large	1	1079	1	2022-06-29 14:39:23.569057
1	3	milk 2L	2	1080	2.3	2022-06-29 16:06:14.569057
1	0	milk 2L	1	1081	2.3	2022-06-29 23:42:14.569057
4	2	snickers 37g	1	1082	3.3000000000000003	2022-06-30 02:01:07.569057
0	3	coffee large	1	1083	1	2022-06-30 09:52:58.569057
3	0	doughnut cold	1	1084	1	2022-06-30 20:51:07.569057
1	1	milk 2L	1	1085	2.3	2022-07-01 00:24:58.569057
0	1	coffee large	1	1086	1	2022-07-01 02:29:58.569057
4	3	snickers 37g	1	1088	3.1	2022-07-01 07:14:45.569057
3	1	doughnut cold	1	1089	1.5	2022-07-01 13:11:01.569057
3	0	doughnut cold	3	1090	1	2022-07-01 23:52:35.569057
0	3	coffee large	1	1091	1	2022-07-02 07:26:03.569057
0	0	coffee large	3	1092	1	2022-07-02 09:05:02.569057
1	2	milk 2L	1	1093	2.3	2022-07-02 09:22:09.569057
1	1	milk 2L	1	1095	2.3	2022-07-02 19:19:49.569057
3	1	doughnut cold	1	1096	1	2022-07-02 22:34:58.569057
0	1	coffee large	2	1097	1	2022-07-03 05:29:39.569057
3	3	doughnut cold	2	1098	1	2022-07-03 13:25:01.569057
3	3	doughnut cold	1	1099	1	2022-07-03 21:11:24.569057
1	1	milk 2L	2	1101	2.3	2022-07-04 01:39:16.569057
4	3	snickers 37g	2	1102	3.1	2022-07-04 11:23:42.569057
1	1	milk 2L	2	1103	2.3	2022-07-04 14:08:56.569057
3	0	doughnut cold	1	1104	1	2022-07-04 16:26:43.569057
0	3	coffee large	1	1105	1	2022-07-05 03:02:04.569057
1	2	milk 2L	3	1106	2.3	2022-07-05 11:32:03.569057
3	1	doughnut cold	1	1107	1	2022-07-05 20:45:51.569057
0	1	coffee large	1	1108	1	2022-07-06 00:07:45.569057
0	3	coffee_large	2	1109	1	2022-07-06 08:34:46.569057
1	2	milk 2L	1	1111	2.3	2022-07-06 15:50:59.569057
3	1	doughnut cold	1	1112	1	2022-07-06 19:51:26.569057
1	3	milk 2L	1	1113	2.3	2022-07-07 05:37:16.569057
0	2	coffee large	2	1114	1	2022-07-07 15:01:18.569057
2	3	bread 700g	1	1116	5.1	2022-07-07 18:03:27.569057
1	0	milk 2L	1	1117	2.3	2022-07-07 19:46:15.569057
3	1	doughnut cold	2	1118	1.1	2022-07-08 02:57:01.569057
4	2	snickers 37g	1	1119	3.1	2022-07-08 07:25:51.569057
0	1	coffee large	1	1120	1	2022-07-08 10:53:06.569057
2	1	bread 700g	1	1121	5.1	2022-07-08 13:39:12.569057
4	1	snickers 37g	1	1122	3.1	2022-07-08 23:18:07.569057
2	2	bread 700g	2	1123	5.1	2022-07-09 06:04:49.569057
1	3	milk 2L	2	1124	2.3	2022-07-09 07:38:25.569057
4	1	snickers 37g	2	1125	3.1	2022-07-09 17:55:16.569057
1	2	milk 2L	2	1126	2.3	2022-07-09 21:39:43.569057
3	3	doughnut cold	1	1127	1	2022-07-10 08:24:31.569057
0	0	coffee large	2	1128	1	2022-07-10 13:04:21.569057
1	2	milk 2L	1	1129	2.3	2022-07-10 15:00:14.569057
1	2	milk 2L	1	1130	2.3	2022-07-10 19:27:01.569057
4	3	snickers 37g	1	1132	3.1	2022-07-10 20:06:52.569057
1	3	milk 2L	1	1134	2.3	2022-07-10 21:30:03.569057
0	0	coffee large	2	1135	1	2022-07-11 05:44:58.569057
0	0	coffee large	1	1136	1	2022-07-11 13:51:47.569057
0	2	coffee large	1	1138	1	2022-07-11 22:40:13.569057
4	1	snickers 37g	1	1139	3.1	2022-07-12 00:42:30.569057
1	2	milk 2L	1	1140	2.3	2022-07-12 03:14:19.569057
0	3	coffee large	1	1141	1.2	2022-07-12 09:35:29.569057
4	1	snickers 37g	2	1142	3.1	2022-07-12 17:44:43.569057
0	3	coffee large	1	1143	1	2022-07-12 20:28:15.569057
1	0	milk 2L	3	1144	2.3	2022-07-13 07:03:48.569057
1	2	milk 2L	1	1145	2.3	2022-07-13 16:35:37.569057
2	0	bread 700g	1	1146	5.1	2022-07-13 23:47:59.569057
4	1	snickers_37g	2	1147	3.1	2022-07-14 09:32:14.569057
2	0	bread 700g	1	1148	5.1	2022-07-14 09:36:58.569057
3	3	doughnut-cold	1	1149	1	2022-07-14 13:00:38.569057
1	1	milk 2L	1	1150	2.3	2022-07-14 19:47:50.569057
4	1	snickers 37g	1	1151	3.1	2022-07-15 03:32:30.569057
2	0	bread 700g	1	1152	5.1	2022-07-15 11:41:15.569057
1	0	milk 2L	2	1153	2.3	2022-07-15 20:25:14.569057
2	0	bread 700g	1	1154	5.1	2022-07-16 01:06:35.569057
3	3	doughnut cold	1	1155	1	2022-07-16 04:55:52.569057
3	3	doughnut cold	1	1156	1	2022-07-16 10:01:44.569057
3	3	doughnut cold	1	1157	1.0	2022-07-16 20:13:31.569057
3	1	doughnut cold	3	1159	1	2022-07-16 23:22:42.569057
1	0	milk 2L	1	1160	2.3	2022-07-17 02:30:08.569057
3	0	doughnut cold	1	1161	1	2022-07-17 11:16:46.569057
0	0	coffee large	1	1162	1	2022-07-17 22:14:54.569057
1	1	milk 2L	2	1163	2.3	2022-07-18 04:47:55.569057
